{"cameraMode":{"drawMode":2,"name":"Shaded Wireframe","section":"Shading Mode"},"sceneLighting":true,"audioPlay":false,"sceneViewState":{"showFog":false,"showMaterialUpdate":false,"showSkybox":false,"showFlares":false,"showImageEffects":false,"showParticleSystems":false},"in2DMode":false,"pivot":{"x":-0.35623860359191897,"y":0.08495402336120606,"z":-0.05117058753967285},"rotation":{"x":0.28200671076774599,"y":0.14890284836292268,"z":-0.04435345530509949,"w":0.9467499256134033},"size":4.922929763793945,"orthographic":false}