{"cameraMode":{"drawMode":2,"name":"Shaded Wireframe","section":"Shading Mode"},"sceneLighting":true,"audioPlay":false,"sceneViewState":{"showFog":false,"showMaterialUpdate":false,"showSkybox":false,"showFlares":false,"showImageEffects":false,"showParticleSystems":false},"in2DMode":false,"pivot":{"x":1.9418613910675049,"y":0.26761698722839358,"z":0.6756054162979126},"rotation":{"x":0.4389420747756958,"y":-0.016171785071492196,"z":0.007901811972260476,"w":0.8983351588249207},"size":1.6203980445861817,"orthographic":false}