{"cameraMode":{"drawMode":1,"name":"Wireframe","section":"Shading Mode"},"sceneLighting":true,"audioPlay":false,"sceneViewState":{"showFog":false,"showMaterialUpdate":false,"showSkybox":false,"showFlares":false,"showImageEffects":false,"showParticleSystems":false},"in2DMode":false,"pivot":{"x":-1.3562908172607422,"y":-3.1729679107666017,"z":4.743741035461426},"rotation":{"x":0.168772891163826,"y":0.1603742241859436,"z":-0.027844635769724847,"w":0.9721308350563049},"size":19.495349884033204,"orthographic":false}